<?xml version="1.0" encoding="UTF-8"?>
<l:dependencies xmlns:l='licenses' groupId='org.jenkins-ci.plugins' artifactId='prometheus' version='2.0.0'><l:dependency name='Prometheus metrics plugin' groupId='org.jenkins-ci.plugins' artifactId='prometheus' version='2.0.0' url='https://wiki.jenkins-ci.org/display/JENKINS/Prometheus+Plugin'><l:description>Expose Jenkins metrics in prometheus format</l:description><l:license name='Apache License, Version 2.0' url='http://www.apache.org/licenses/LICENSE-2.0.txt'/></l:dependency><l:dependency name='Prometheus Java Simpleclient Common' groupId='io.prometheus' artifactId='simpleclient_common' version='0.0.26' url='http://github.com/prometheus/client_java/simpleclient_common'><l:description>Common code used by various modules of the Simpleclient.</l:description><l:license name='The Apache Software License, Version 2.0' url='http://www.apache.org/licenses/LICENSE-2.0.txt'/></l:dependency><l:dependency name='Gson' groupId='com.google.code.gson' artifactId='gson' version='2.3.1' url='http://code.google.com/p/google-gson/'><l:description>Google Gson library</l:description><l:license name='The Apache Software License, Version 2.0' url='http://www.apache.org/licenses/LICENSE-2.0.txt'/></l:dependency><l:dependency name='Apache HttpCore' groupId='org.apache.httpcomponents' artifactId='httpcore' version='4.4' url='http://hc.apache.org/httpcomponents-core-ga'><l:description>Apache HttpComponents Core (blocking I/O)</l:description><l:license name='Apache License, Version 2.0' url='http://www.apache.org/licenses/LICENSE-2.0.txt'/></l:dependency><l:dependency name='Prometheus Java Simpleclient Dropwizard' groupId='io.prometheus' artifactId='simpleclient_dropwizard' version='0.0.26' url='http://github.com/prometheus/client_java/simpleclient_dropwizard'><l:description>Collector of data from Dropwizard metrics library.</l:description><l:license name='The Apache Software License, Version 2.0' url='http://www.apache.org/licenses/LICENSE-2.0.txt'/></l:dependency><l:dependency name='Prometheus Java Simpleclient' groupId='io.prometheus' artifactId='simpleclient' version='0.0.26' url='http://github.com/prometheus/client_java/simpleclient'><l:description>Core instrumentation library for the simpleclient.</l:description><l:license name='The Apache Software License, Version 2.0' url='http://www.apache.org/licenses/LICENSE-2.0.txt'/></l:dependency></l:dependencies>